ds,food_price_index,news_sentiment,troop_movements
2025-04-29 18:36:17.788447,98.40398104846771,0.20160585172316892,7
2025-04-30 18:36:17.788447,101.11579376436568,-0.6824958751524939,5
2025-05-01 18:36:17.788447,103.06420969680175,-0.3915391244174731,4
2025-05-02 18:36:17.788447,104.44503329926793,0.17291745712906748,7
2025-05-03 18:36:17.788447,102.43555933341311,-0.5192104250316512,3
2025-05-04 18:36:17.788447,106.13108076366399,-0.1916930402485283,3
2025-05-05 18:36:17.788447,104.20550726268849,-0.154592287288568,8
2025-05-06 18:36:17.788447,105.9527539113727,0.010466703948700307,5
2025-05-07 18:36:17.788447,105.46345320467046,-0.17320067777461756,2
2025-05-08 18:36:17.788447,104.37851206164683,0.15969636915593322,7
2025-05-09 18:36:17.788447,101.6910579442474,-0.08870616465429682,5
2025-05-10 18:36:17.788447,103.99941728769653,-0.40244104673213843,6
2025-05-11 18:36:17.788447,102.23473671589733,-0.9141472991000412,3
2025-05-12 18:36:17.788447,100.4484238422228,0.2644389814309014,5
2025-05-13 18:36:17.788447,101.42163630562213,-0.5040888548463482,8
2025-05-14 18:36:17.788447,103.11155284569384,0.027124038640410797,6
2025-05-15 18:36:17.788447,104.65061915119033,-0.42181881384866804,5
2025-05-16 18:36:17.788447,104.92594366433076,-0.052594359370456645,5
2025-05-17 18:36:17.788447,102.3804468518149,0.25391897682285514,1
2025-05-18 18:36:17.788447,102.58403480947518,0.4049940456484251,5
2025-05-19 18:36:17.788447,99.01444429416448,-0.099690723622613,3
2025-05-20 18:36:17.788447,99.76943724054331,-0.3547758201315826,2
2025-05-21 18:36:17.788447,100.82191170927875,-0.12600986629498756,0
2025-05-22 18:36:17.788447,101.25876900050805,0.2992383125618798,6
2025-05-23 18:36:17.788447,99.63394633829124,-0.2569734414021526,8
2025-05-24 18:36:17.788447,101.54883533525367,0.3711374222710895,4
2025-05-25 18:36:17.788447,102.49461408040749,-0.5610878215869111,2
2025-05-26 18:36:17.788447,98.16975617353457,-0.7965688987906775,9
2025-05-27 18:36:17.788447,94.96134469163931,-0.4892767282946384,9
2025-05-28 18:36:17.788447,95.70409521925025,-0.5134292683648877,5
2025-05-29 18:36:17.788447,94.87874651150307,-0.25042865670470826,5
2025-05-30 18:36:17.788447,92.8172461008018,0.22807806982664314,1
2025-05-31 18:36:17.788447,92.28969782147303,0.00576104431517388,2
2025-06-01 18:36:17.788447,90.35399404774273,-0.4906238933018259,5
2025-06-02 18:36:17.788447,91.45283944720629,-0.1645997132289705,6
2025-06-03 18:36:17.788447,91.49294696507543,-0.726695517494946,4
2025-06-04 18:36:17.788447,91.68712717427134,-0.45293359098801944,2
2025-06-05 18:36:17.788447,89.4454096509207,0.08450397310813162,2
2025-06-06 18:36:17.788447,85.72035506822158,-0.5316173998536086,6
2025-06-07 18:36:17.788447,86.36343950786399,0.0879677131696246,3
2025-06-08 18:36:17.788447,87.10757010505489,0.33000313500793443,5
2025-06-09 18:36:17.788447,84.94556978616065,0.1008178209002406,9
2025-06-10 18:36:17.788447,85.36129206651745,-0.6175696733155234,5
2025-06-11 18:36:17.788447,83.62049695463264,-0.93970171247115,5
2025-06-12 18:36:17.788447,82.22867719739246,-0.16162217255665112,8
2025-06-13 18:36:17.788447,81.92025101810357,-0.06956993951977386,5
2025-06-14 18:36:17.788447,85.95302066180756,-0.7006916228840836,5
2025-06-15 18:36:17.788447,87.69971288584202,-0.3447496484151089,6
2025-06-16 18:36:17.788447,85.68474492466886,-0.5898364180926425,4
2025-06-17 18:36:17.788447,86.88684365637641,-0.7207627534280223,9
2025-06-18 18:36:17.788447,87.53509015678958,0.1603237039431442,6
2025-06-19 18:36:17.788447,88.36968308535302,-0.4177670758084071,6
2025-06-20 18:36:17.788447,88.86146175418433,-0.9598124053904098,4
2025-06-21 18:36:17.788447,88.73440434161262,-0.03836792587329807,7
2025-06-22 18:36:17.788447,84.65655021888145,0.43166771027491735,7
2025-06-23 18:36:17.788447,82.87762112264801,-0.10847266225823726,3
2025-06-24 18:36:17.788447,83.5293158919149,0.345327095111017,4
2025-06-25 18:36:17.788447,84.48452960664059,-0.48671216040633647,6
2025-06-26 18:36:17.788447,85.41802227142179,0.09445441587418046,6
2025-06-27 18:36:17.788447,86.12153009866428,0.0680716248059583,4
2025-06-28 18:36:17.788447,82.38820257081501,-0.1888909926993244,6
2025-06-29 18:36:17.788447,82.12805744661574,0.043367625360100304,3
2025-06-30 18:36:17.788447,84.76734571153382,-0.18138335530105976,7
2025-07-01 18:36:17.788447,79.71598028635569,-0.6782609929956134,8
2025-07-02 18:36:17.788447,80.93135271305117,-0.5319488405103074,2
2025-07-03 18:36:17.788447,85.80939450881688,-0.5044225731104237,7
2025-07-04 18:36:17.788447,86.03544002960322,-0.6982522869504809,6
2025-07-05 18:36:17.788447,86.72585376807898,0.40328127662148083,3
2025-07-06 18:36:17.788447,88.70944183864104,-0.9496160749762972,2
2025-07-07 18:36:17.788447,88.75434678051153,-0.8947501168621939,4
2025-07-08 18:36:17.788447,90.89621099401064,-0.6259592344212376,2
2025-07-09 18:36:17.788447,86.50410926159662,-0.6243524465563881,3
2025-07-10 18:36:17.788447,85.78965828529888,0.49621571870777714,1
2025-07-11 18:36:17.788447,90.27308342177705,-0.13198304547290773,6
2025-07-12 18:36:17.788447,94.38727890135345,-0.6235485463774438,7
2025-07-13 18:36:17.788447,97.34557328510121,0.07426086397565568,2
2025-07-14 18:36:17.788447,99.62439523198965,-0.3346761880112502,6
2025-07-15 18:36:17.788447,98.15025335483048,0.30147176834267553,5
2025-07-16 18:36:17.788447,98.0984118529933,-0.25740988171039314,9
2025-07-17 18:36:17.788447,100.50598145211872,0.18820014220472436,5
2025-07-18 18:36:17.788447,101.38346934940438,-0.6592889724159173,10
2025-07-19 18:36:17.788447,103.23803421815812,0.25592491327678824,6
2025-07-20 18:36:17.788447,106.12024825040628,-0.10941542428157658,4
2025-07-21 18:36:17.788447,106.68890369146604,0.1907227971675658,6
2025-07-22 18:36:17.788447,106.50326946532186,-0.8276928646701229,4
2025-07-23 18:36:17.788447,106.48856655139302,-0.39458121999896,6
2025-07-24 18:36:17.788447,107.68542446840281,0.15778445990451506,8
2025-07-25 18:36:17.788447,108.92778173275595,-0.35905945841579223,5
2025-07-26 18:36:17.788447,108.31756649205862,0.1238763315488478,4
2025-07-27 18:36:17.788447,104.90986144795677,0.31050723622369025,3
2025-07-28 18:36:17.788447,106.06347258765432,-0.11836331237498321,5
2025-07-29 18:36:17.788447,105.92564605190094,-0.5417986636452441,7
2025-07-30 18:36:17.788447,105.01355883558438,0.11106755179882533,4
2025-07-31 18:36:17.788447,104.76824702116167,-0.007142611462492288,2
2025-08-01 18:36:17.788447,104.28180029443655,-0.5526935595651455,4
2025-08-02 18:36:17.788447,100.10565743673118,0.48495715315046106,3
2025-08-03 18:36:17.788447,102.18164375279228,-0.9331816335706047,11
2025-08-04 18:36:17.788447,103.92261697745951,0.36375571365939274,3
2025-08-05 18:36:17.788447,105.18486473206231,-0.8481985115025314,6
2025-08-06 18:36:17.788447,108.83976638414323,-0.6359067585783035,3
2025-08-07 18:36:17.788447,106.97057585579206,-0.33085148260277597,5
2025-08-08 18:36:17.788447,107.87697679303174,0.44937627029315785,7
2025-08-09 18:36:17.788447,109.84268921783041,-0.29623807253388135,5
2025-08-10 18:36:17.788447,110.01180921805302,-0.5855593911238742,1
2025-08-11 18:36:17.788447,110.8366721306565,0.005777796638688493,5
2025-08-12 18:36:17.788447,110.0857203144828,-0.3239917985256685,4
2025-08-13 18:36:17.788447,111.65628079484502,0.04138540061083251,5
2025-08-14 18:36:17.788447,110.65720776835369,0.08864748182752424,3
2025-08-15 18:36:17.788447,110.53436458753775,0.04280158594182737,2
2025-08-16 18:36:17.788447,115.16566560252514,-0.8705301230768678,5
2025-08-17 18:36:17.788447,118.15819065488165,0.2773053358290605,4
2025-08-18 18:36:17.788447,118.17800459007049,-0.4931612957789526,5
2025-08-19 18:36:17.788447,116.61305899730863,-0.6744158326397136,6
2025-08-20 18:36:17.788447,115.64858212323814,-0.41576003303733533,5
2025-08-21 18:36:17.788447,119.26832475513456,-0.5556566899560298,3
2025-08-22 18:36:17.788447,119.79624373073133,-0.7869623073447742,7
2025-08-23 18:36:17.788447,121.51772209627234,-0.33382579815332936,5
2025-08-24 18:36:17.788447,120.54328375312781,0.43814140704698223,7
2025-08-25 18:36:17.788447,119.69920750866741,0.036359938923272495,6
2025-08-26 18:36:17.788447,120.54651412480972,0.2644606716757325,6
2025-08-27 18:36:17.788447,122.80948760484026,0.13148690348483072,4
2025-08-28 18:36:17.788447,127.53652176747745,-0.31345730058784593,4
2025-08-29 18:36:17.788447,126.0216379907949,-0.8191808617349269,3
2025-08-30 18:36:17.788447,124.1103940043187,0.46777274107626443,5
2025-08-31 18:36:17.788447,121.98242015561256,-0.6548447415218099,9
2025-09-01 18:36:17.788447,124.78027630453373,0.12607085979604093,3
2025-09-02 18:36:17.788447,127.0764141046813,-0.8526964637682477,7
2025-09-03 18:36:17.788447,124.26972419222331,-0.4126493440099377,4
2025-09-04 18:36:17.788447,124.33070646520824,-0.7411928502677073,3
2025-09-05 18:36:17.788447,124.30179877580906,-0.009875864330104456,4
2025-09-06 18:36:17.788447,126.06867307643499,-0.32913212105624434,5
2025-09-07 18:36:17.788447,124.51293610695488,-0.009124123750369528,9
2025-09-08 18:36:17.788447,121.25506676463847,-0.5076641786121525,6
2025-09-09 18:36:17.788447,119.05438445339749,0.143038361149477,6
2025-09-10 18:36:17.788447,123.51901529668444,0.20469831119721071,5
2025-09-11 18:36:17.788447,125.41565985687222,0.24155360622417144,6
2025-09-12 18:36:17.788447,126.2849648203476,-0.6709807462727794,4
2025-09-13 18:36:17.788447,126.69136850644128,0.05738504220162577,8
2025-09-14 18:36:17.788447,126.05470138945061,-0.9936294238995127,3
2025-09-15 18:36:17.788447,126.47248764370495,0.4063149168312197,1
2025-09-16 18:36:17.788447,127.55256257079974,0.3529293613582347,6
2025-09-17 18:36:17.788447,128.855417516988,-0.7359859048635082,3
2025-09-18 18:36:17.788447,129.94304433109176,-0.7240703919425296,5
2025-09-19 18:36:17.788447,128.00661555081552,-0.7446080587718403,2
2025-09-20 18:36:17.788447,127.68846432914233,-0.733292260623392,9
2025-09-21 18:36:17.788447,129.96773710580692,-0.49291787254553676,4
2025-09-22 18:36:17.788447,128.59418288512543,-0.03876560230654613,5
2025-09-23 18:36:17.788447,129.67872630186187,0.04966001671177733,11
2025-09-24 18:36:17.788447,130.86212832913395,-0.8647286804802727,7
2025-09-25 18:36:17.788447,131.9718033697191,-0.043505919098231316,9
2025-09-26 18:36:17.788447,135.18546348745272,-0.30368178817584934,8
2025-09-27 18:36:17.788447,135.18319916378366,-0.2758438554748258,3
2025-09-28 18:36:17.788447,135.24078334004076,-0.2684788023089064,9
2025-09-29 18:36:17.788447,134.97307144056975,-0.023084711240706768,3
2025-09-30 18:36:17.788447,135.5744155012921,0.2884255247939651,10
2025-10-01 18:36:17.788447,134.62124791230138,0.18891987140524735,4
2025-10-02 18:36:17.788447,135.1554668751011,-0.433352862837721,5
2025-10-03 18:36:17.788447,134.90170791509797,0.2008859512385679,7
2025-10-04 18:36:17.788447,135.9882455989436,-0.09155351006913148,7
2025-10-05 18:36:17.788447,134.9474721447579,-0.29730061077462167,5
2025-10-06 18:36:17.788447,135.96864843417134,-0.7179868892156019,4
2025-10-07 18:36:17.788447,136.14558382974081,0.2661908931511745,3
2025-10-08 18:36:17.788447,134.3095275910884,-0.6340446960946522,3
2025-10-09 18:36:17.788447,134.91978137883692,-0.3357285871177146,7
2025-10-10 18:36:17.788447,133.06262995153207,-0.21466217281357702,6
2025-10-11 18:36:17.788447,136.51548959662475,0.14805330760430602,9
2025-10-12 18:36:17.788447,135.19604155428618,-0.12093547123062365,5
2025-10-13 18:36:17.788447,141.20017240517245,-0.33258725872376016,10
2025-10-14 18:36:17.788447,140.68957504260325,-0.8394233810409374,3
2025-10-15 18:36:17.788447,146.44805699926127,0.35230785933506326,2
2025-10-16 18:36:17.788447,146.18916419771386,0.24739992889899787,4
2025-10-17 18:36:17.788447,147.43195753168783,-0.0037967308321940063,3
2025-10-18 18:36:17.788447,147.5090672901796,-0.7042907194577261,5
2025-10-19 18:36:17.788447,148.1105700605561,-0.4837263232599731,5
2025-10-20 18:36:17.788447,143.70750401087912,-0.6538085390236834,3
2025-10-21 18:36:17.788447,142.93287939889535,-0.6347893044824164,1
2025-10-22 18:36:17.788447,140.76038635300523,-0.9607564952494687,1
2025-10-23 18:36:17.788447,140.95090384766232,0.13992706568661673,4
2025-10-24 18:36:17.788447,140.40049622617346,0.48935429845647893,6
2025-10-25 18:36:17.788447,137.2860827442184,-0.8749552827958949,7
2025-10-26 18:36:17.788447,137.86197924312174,0.36233730927044294,3
2025-10-27 18:36:17.788447,139.01708719201363,0.4748671623470213,2
2025-10-28 18:36:17.788447,140.026150172971,-0.570148856080551,4
2025-10-29 18:36:17.788447,139.64646164520062,-0.3643237023200677,4
2025-10-30 18:36:17.788447,143.23140812143794,-0.5447747023601588,10
2025-10-31 18:36:17.788447,143.61887738929858,-0.802212620312248,6
2025-11-01 18:36:17.788447,140.78172081871443,0.0669118718096855,6
2025-11-02 18:36:17.788447,140.39393392356166,0.31631510187640943,2
2025-11-03 18:36:17.788447,139.4717700605216,-0.712460104134746,9
2025-11-04 18:36:17.788447,142.13410612391573,-0.8583320472843099,6
2025-11-05 18:36:17.788447,142.9835144106846,-0.9433201338800851,6
2025-11-06 18:36:17.788447,141.6682858871094,-0.13625211334429377,4
2025-11-07 18:36:17.788447,141.72154117943,-0.8658317705042495,7
2025-11-08 18:36:17.788447,142.24091499120752,-0.5297231233005486,5
2025-11-09 18:36:17.788447,139.50494415751,-0.5109268239531622,5
2025-11-10 18:36:17.788447,141.08801936551018,-0.302090243163496,3
2025-11-11 18:36:17.788447,139.32017606772254,0.44831960929276216,8
2025-11-12 18:36:17.788447,140.15400012157886,0.13910055602003113,2
2025-11-13 18:36:17.788447,139.80896720062665,-0.8909832092906861,3
2025-11-14 18:36:17.788447,139.0465064496299,-0.40026544347880044,3
2025-11-15 18:36:17.788447,138.38584595005133,0.24911290271447806,5
2025-11-16 18:36:17.788447,140.10628650776636,-0.5776981257653289,7
2025-11-17 18:36:17.788447,138.14971246393074,0.12262511701266621,5
2025-11-18 18:36:17.788447,135.4329653832422,-0.8589284261405952,6
2025-11-19 18:36:17.788447,134.8165545656859,-0.21147856467480364,3
2025-11-20 18:36:17.788447,134.03954792295482,-0.2997628398156722,5
2025-11-21 18:36:17.788447,130.35593784373074,-0.46444038215915784,8
2025-11-22 18:36:17.788447,129.8883071260729,0.32667302599709425,5
2025-11-23 18:36:17.788447,128.0817551862174,0.27170917538959305,9
2025-11-24 18:36:17.788447,128.2288744067392,-0.1558036215920966,5
2025-11-25 18:36:17.788447,130.28142698354364,-0.8695269842298753,4
2025-11-26 18:36:17.788447,128.3426832973363,0.2600707915297975,4
2025-11-27 18:36:17.788447,129.12222155695247,-0.9312996768658062,1
2025-11-28 18:36:17.788447,131.6598105837719,-0.9277071633890782,9
2025-11-29 18:36:17.788447,131.22809710355313,-0.1983617937742277,3
2025-11-30 18:36:17.788447,128.02704988920206,-0.5435228913208137,10
2025-12-01 18:36:17.788447,128.55333507505824,-0.7825785399324465,9
2025-12-02 18:36:17.788447,131.86320108263638,-0.062488291910223426,7
2025-12-03 18:36:17.788447,134.3290276830015,0.4227463573658299,9
2025-12-04 18:36:17.788447,138.12573495807212,0.18598723541023277,6
2025-12-05 18:36:17.788447,137.47248664223028,-0.6317171735502314,5
2025-12-06 18:36:17.788447,135.15611739931592,0.28816624581481753,3
2025-12-07 18:36:17.788447,135.78256718955822,0.19619735456053844,3
2025-12-08 18:36:17.788447,136.6037391000795,-0.42860388799937366,8
2025-12-09 18:36:17.788447,137.13042205362842,0.3880909583792349,5
2025-12-10 18:36:17.788447,136.9771950579743,-0.9549638419924025,8
2025-12-11 18:36:17.788447,135.80529073539464,-0.1845067795792542,5
2025-12-12 18:36:17.788447,137.4570220894738,-0.5001085794532616,2
2025-12-13 18:36:17.788447,137.42681757941028,0.039264442617816364,7
2025-12-14 18:36:17.788447,137.7414108703669,-0.8592756550257523,2
2025-12-15 18:36:17.788447,135.74604775732175,-0.6300371077792306,6
2025-12-16 18:36:17.788447,139.5600908710558,-0.25809387254132865,7
2025-12-17 18:36:17.788447,140.30089217369436,-0.7148138303185474,3
2025-12-18 18:36:17.788447,138.21063977863955,0.36807542067390786,9
2025-12-19 18:36:17.788447,135.5370649528518,0.144473919599718,9
2025-12-20 18:36:17.788447,134.9291657596089,-0.6332170321218109,5
2025-12-21 18:36:17.788447,134.4578816392309,0.044164985648859734,6
2025-12-22 18:36:17.788447,138.6763817530985,-0.6674682246483571,8
2025-12-23 18:36:17.788447,139.24193380957297,0.3292100280752761,2
2025-12-24 18:36:17.788447,136.11743995346123,-0.5663949821833636,7
2025-12-25 18:36:17.788447,136.3611474116977,-0.5311953747351935,4
2025-12-26 18:36:17.788447,137.79381756642366,-0.052142360888254524,6
2025-12-27 18:36:17.788447,138.5580487327482,-0.5248464723771065,6
2025-12-28 18:36:17.788447,137.98503877058383,0.38318128149074426,6
2025-12-29 18:36:17.788447,139.0805494834144,-0.2634958627351711,2
2025-12-30 18:36:17.788447,135.59237155199247,0.308852109936105,8
2025-12-31 18:36:17.788447,136.38443970790502,-0.34402999963259173,2
2026-01-01 18:36:17.788447,139.20505385606626,0.40208813679822475,2
2026-01-02 18:36:17.788447,143.97090961831688,0.4536349807739122,4
2026-01-03 18:36:17.788447,142.6504270928458,-0.6145792994681915,4
2026-01-04 18:36:17.788447,145.0641749996334,-0.7564323894835006,4
2026-01-05 18:36:17.788447,148.74378110811105,0.26595709728756356,1
2026-01-06 18:36:17.788447,145.5094931788059,-0.7474158991905423,2
2026-01-07 18:36:17.788447,143.0209045430296,0.18357342841330881,4
2026-01-08 18:36:17.788447,140.43638481823822,-0.17177408606984246,6
2026-01-09 18:36:17.788447,139.4572440549092,0.439426774244458,4
2026-01-10 18:36:17.788447,140.54855730664775,-0.36829257044421726,4
2026-01-11 18:36:17.788447,138.34071308501257,0.006153779483335953,9
2026-01-12 18:36:17.788447,139.45794794834123,0.058801512480231466,5
2026-01-13 18:36:17.788447,138.33192263524933,-0.23553859299208924,7
2026-01-14 18:36:17.788447,136.1638948650471,-0.48629024496702955,4
2026-01-15 18:36:17.788447,138.72392646360845,0.086976427346803,8
2026-01-16 18:36:17.788447,139.40559654269538,-0.17727632230359758,8
2026-01-17 18:36:17.788447,138.95628399515758,-0.22299110565303915,8
2026-01-18 18:36:17.788447,139.71243093445216,-0.7084121577082219,4
2026-01-19 18:36:17.788447,137.24519098073114,-0.39395231087200455,5
2026-01-20 18:36:17.788447,137.19195569684496,0.031130167584178192,5
2026-01-21 18:36:17.788447,139.3139591776584,-0.5211934350941081,3
2026-01-22 18:36:17.788447,135.97797257042907,-0.21567967406681354,4
2026-01-23 18:36:17.788447,135.03041281256057,-0.6314111004100234,9
2026-01-24 18:36:17.788447,134.64972355056358,-0.7811153089262675,3
2026-01-25 18:36:17.788447,135.52510575396428,0.14125737480220324,5
2026-01-26 18:36:17.788447,130.76759276643617,-0.9220350690765263,7
2026-01-27 18:36:17.788447,130.50037468535737,-0.07383024403103655,0
2026-01-28 18:36:17.788447,127.38752797921808,-0.31681354724567345,6
2026-01-29 18:36:17.788447,124.1858394976339,0.44702696507922357,3
2026-01-30 18:36:17.788447,125.26839815455493,-0.6341937201609666,11
2026-01-31 18:36:17.788447,122.69138722682675,-0.22579523617678976,3
2026-02-01 18:36:17.788447,122.19921056437705,0.3619112583890036,4
2026-02-02 18:36:17.788447,123.52663139253227,0.053006489763734344,4
2026-02-03 18:36:17.788447,123.80851698558547,-0.21111603274776736,8
2026-02-04 18:36:17.788447,123.48401461615994,0.08847964104068895,4
2026-02-05 18:36:17.788447,122.99516217718218,-0.5351107685899466,3
2026-02-06 18:36:17.788447,122.8432063846489,-0.561219124458002,3
2026-02-07 18:36:17.788447,120.86553034590116,-0.2764665523082934,5
2026-02-08 18:36:17.788447,123.05474088146208,0.4492225708636628,7
2026-02-09 18:36:17.788447,120.7359370281814,-0.3527838727834667,3
2026-02-10 18:36:17.788447,123.89300607216944,0.01975606520129425,10
2026-02-11 18:36:17.788447,122.1416093569201,-0.40656352793501227,2
2026-02-12 18:36:17.788447,123.62861279093661,0.17891648573523122,3
2026-02-13 18:36:17.788447,124.9614530487281,0.003098890880617322,10
2026-02-14 18:36:17.788447,125.32223563686951,0.47710800346713933,4
2026-02-15 18:36:17.788447,125.35548942621092,0.36454814684437875,6
2026-02-16 18:36:17.788447,126.62684878025259,-0.5259606446017999,12
2026-02-17 18:36:17.788447,129.07901490287162,-0.689451424469403,6
2026-02-18 18:36:17.788447,131.20970165125968,-0.2883442239328253,7
2026-02-19 18:36:17.788447,128.4849966875414,-0.6603730076251678,4
2026-02-20 18:36:17.788447,127.64182731707851,-0.7563624243196305,3
2026-02-21 18:36:17.788447,126.42071311393865,-0.744323465942503,6
2026-02-22 18:36:17.788447,126.21746799089291,-0.056453460424568336,2
2026-02-23 18:36:17.788447,126.21162644341345,-0.7787998569009387,5
2026-02-24 18:36:17.788447,125.88489240623522,0.14585383604523194,4
2026-02-25 18:36:17.788447,126.35595618693063,-0.009568703150045987,7
2026-02-26 18:36:17.788447,128.6677719583267,-0.7388351115464701,7
2026-02-27 18:36:17.788447,126.34019240230542,-0.5635728043343384,6
2026-02-28 18:36:17.788447,128.483703944107,-0.47704793585903515,3
2026-03-01 18:36:17.788447,129.12501701795222,0.10650746063322258,3
2026-03-02 18:36:17.788447,130.78230163329806,-0.9595148975004053,6
2026-03-03 18:36:17.788447,132.57284893610156,0.4766666290152872,6
2026-03-04 18:36:17.788447,134.4842932737154,-0.12064133308514169,7
2026-03-05 18:36:17.788447,136.0929348205646,-0.3166228590208362,3
2026-03-06 18:36:17.788447,136.24199489456527,-0.47105367256840447,7
2026-03-07 18:36:17.788447,133.33612700186652,-0.35417802767491546,5
2026-03-08 18:36:17.788447,135.41428108882573,-0.6079520501143575,8
2026-03-09 18:36:17.788447,136.84166298474494,-0.385620462657315,2
2026-03-10 18:36:17.788447,138.26465440797136,-0.5833980277403327,4
2026-03-11 18:36:17.788447,139.22132636938125,-0.329023374679563,3
2026-03-12 18:36:17.788447,141.53351454699356,-0.715005431450888,3
2026-03-13 18:36:17.788447,142.38600062498318,-0.3287103301017177,2
2026-03-14 18:36:17.788447,143.72066761509822,-0.6106991364065465,4
2026-03-15 18:36:17.788447,144.6558834547207,-0.6591640521379069,5
2026-03-16 18:36:17.788447,146.82943749808146,-0.8346040132366697,8
2026-03-17 18:36:17.788447,149.44393069184946,0.08798809525420781,3
2026-03-18 18:36:17.788447,147.30401403888342,0.20513055016715676,10
2026-03-19 18:36:17.788447,150.11459570253137,0.24562660612034382,8
2026-03-20 18:36:17.788447,149.72340594134167,-0.5929954126455734,3
2026-03-21 18:36:17.788447,150.8802448478162,-0.9198883141676601,3
2026-03-22 18:36:17.788447,150.89604632917965,-0.6214199236178324,3
2026-03-23 18:36:17.788447,150.15939845766684,0.4971045676547443,3
2026-03-24 18:36:17.788447,150.25838228690608,-0.7428463791322089,10
2026-03-25 18:36:17.788447,150.45650932049688,-0.3411098517451916,5
2026-03-26 18:36:17.788447,152.47906681864814,-0.04449814900365756,4
2026-03-27 18:36:17.788447,152.5716579626241,-0.5447267917833221,5
2026-03-28 18:36:17.788447,149.96227420230812,0.1061023078146921,5
2026-03-29 18:36:17.788447,152.25678654485287,-0.4765811518802451,4
2026-03-30 18:36:17.788447,152.60110347786474,-0.5187492650500909,4
2026-03-31 18:36:17.788447,152.99866127379252,-0.8287278045738825,5
2026-04-01 18:36:17.788447,152.64775236102906,-0.46178887688178716,8
2026-04-02 18:36:17.788447,152.1214141905791,-0.7861941171341429,0
2026-04-03 18:36:17.788447,156.21860872142992,0.44806798183604135,4
2026-04-04 18:36:17.788447,157.95789036171797,-0.09978876076747167,4
2026-04-05 18:36:17.788447,158.32697570598992,-0.41470346155072957,6
2026-04-06 18:36:17.788447,154.21251139715451,0.3694680981751679,5
2026-04-07 18:36:17.788447,152.1280950081051,-0.9584063138746927,4
2026-04-08 18:36:17.788447,155.01624172620834,0.3278650119774327,2
2026-04-09 18:36:17.788447,156.2087185450848,0.3702610859233215,4
2026-04-10 18:36:17.788447,152.4972619240819,0.04585169994548588,1
2026-04-11 18:36:17.788447,152.2224326451319,0.2828257534513938,8
2026-04-12 18:36:17.788447,154.02055849825894,-0.1491419489499164,4
2026-04-13 18:36:17.788447,154.006854132285,-0.29885064866655975,5
2026-04-14 18:36:17.788447,153.27037169297427,-0.9057883470272721,5
2026-04-15 18:36:17.788447,153.57578383897274,-0.7372247512530351,6
2026-04-16 18:36:17.788447,155.04929990493557,-0.9816623132661844,2
2026-04-17 18:36:17.788447,157.42558500031168,0.13707804316942362,1
2026-04-18 18:36:17.788447,159.1729460624419,0.2866941552218458,4
2026-04-19 18:36:17.788447,160.09549061543817,0.07183023125007937,2
2026-04-20 18:36:17.788447,163.08623853127102,-0.4160134582352768,7
2026-04-21 18:36:17.788447,162.0257287433899,0.2201974409233607,4
2026-04-22 18:36:17.788447,165.27789220279138,-0.7407185485841534,4
2026-04-23 18:36:17.788447,163.78007272272765,-0.5509669024238588,3
2026-04-24 18:36:17.788447,164.35277491546856,-0.15239619708351304,8
2026-04-25 18:36:17.788447,163.45929748667672,-0.17892920797918876,5
2026-04-26 18:36:17.788447,162.47072040250282,-0.7183076598040237,6
2026-04-27 18:36:17.788447,161.2525737041973,-0.5765518085784576,7
2026-04-28 18:36:17.788447,161.76593624938806,-0.00705427891981858,3
